{
    "skinWeights":[],
    "faces":[41,10,9,13,14,0,1,2,3,0,0,0,0,41,11,10,14,15,4,5,6,7,1,1,1,1,41,11,15,12,8,8,9,10,1,2,2,2,2,41,9,8,12,13,11,12,2,13,3,3,3,3,41,3,0,4,7,14,15,16,17,4,4,4,4,41,2,6,5,1,18,19,20,15,5,5,5,5,41,4,0,1,5,23,15,21,22,6,6,6,6,41,3,7,6,2,24,25,26,27,7,7,7,7,41,7,4,12,15,28,29,30,31,8,8,8,8,41,5,13,12,4,32,33,30,29,9,9,9,9,41,6,14,13,5,34,35,33,32,10,10,10,10,41,7,15,14,6,28,31,35,34,11,11,11,11,41,0,3,2,1,36,37,38,39,12,12,12,12],
    "skinIndices":[],
    "influencesPerVertex":2,
    "vertices":[0.5,-2.18557e-08,-0.5,0.5,2.18557e-08,0.5,-0.5,2.18557e-08,0.5,-0.5,-2.18557e-08,-0.5,0.5,0.25,-0.5,0.5,0.25,0.5,-0.5,0.25,0.5,-0.5,0.25,-0.5,0.75,-0.25,-0.75,0.75,-0.25,0.75,-0.75,-0.25,0.75,-0.75,-0.25,-0.75,0.75,0.25,-0.75,0.75,0.25,0.75,-0.75,0.25,0.75,-0.75,0.25,-0.75],
    "uvs":[[-2.5,-0.499999,3.5,-0.499999,3.5,1.5,-2.5,1.5,3.5,-0.499999,-2.5,-0.499999,-2.5,1.5,3.5,1.5,-2.5,-0.499999,-2.5,1.5,3.5,1.5,-2.5,-0.499999,3.5,-0.499999,-2.5,1.5,-1.5,0.500001,2.5,0.500001,2.5,1.5,-1.5,1.5,-1.5,0.500001,-1.5,1.5,2.5,1.5,-1.5,0.500001,-1.5,1.5,2.5,1.5,2.5,0.500001,2.5,1.5,-1.5,1.5,-1.5,0.500001,-1.5,2.5,2.5,2.5,3.5,3.5,-2.5,3.5,2.5,-1.5,3.5,-2.5,-1.5,-1.5,-2.5,-2.5,2.5,2.5,-1.5,2.5,-1.5,-1.5,2.5,-1.5]],
    "metadata":{
        "version":3,
        "type":"Geometry",
        "faces":13,
        "vertices":16,
        "uvs":1,
        "generator":"io_three",
        "normals":13
    },
    "normals":[-2.78155e-07,-3.57628e-07,1,-1,-2.98023e-07,-2.1855e-07,2.38419e-07,4.76837e-07,-1,1,3.57628e-07,2.78155e-07,-2.08616e-07,-7.15256e-07,1,2.98023e-07,5.96047e-07,-1,-1,-1.78814e-07,-2.5332e-07,1,5.36442e-07,2.83122e-07,1.77636e-14,1,-5.96046e-08,2.98023e-08,1,-4.17232e-08,0,1,0,-2.98023e-08,1,-4.17233e-08,-3.55271e-15,1,-4.37114e-08]
}